{
  "version": 1,
  "author": "Anonymous maker",
  "editor": "wokwi",
  "parts": [
    { "type": "wokwi-breadboard", "id": "bb1", "top": 25.8, "left": 12.4, "attrs": {} },
    { "type": "wokwi-arduino-mega", "id": "mega", "top": 279, "left": -70.8, "attrs": {} },
    { "type": "wokwi-led", "id": "led1", "top": 63.6, "left": 138.2, "attrs": { "color": "red" } },
    { "type": "wokwi-led", "id": "led2", "top": 63.6, "left": 109.4, "attrs": { "color": "red" } },
    { "type": "wokwi-led", "id": "led3", "top": 63.6, "left": 80.6, "attrs": { "color": "red" } },
    { "type": "wokwi-led", "id": "led4", "top": 63.6, "left": 51.8, "attrs": { "color": "red" } },
    {
      "type": "wokwi-resistor",
      "id": "r1",
      "top": 139.2,
      "left": 47.45,
      "rotate": 90,
      "attrs": { "value": "1000" }
    },
    {
      "type": "wokwi-resistor",
      "id": "r2",
      "top": 139.2,
      "left": 105.05,
      "rotate": 90,
      "attrs": { "value": "1000" }
    },
    {
      "type": "wokwi-resistor",
      "id": "r3",
      "top": 139.2,
      "left": 76.25,
      "rotate": 90,
      "attrs": { "value": "1000" }
    },
    {
      "type": "wokwi-resistor",
      "id": "r4",
      "top": 139.2,
      "left": 133.85,
      "rotate": 90,
      "attrs": { "value": "1000" }
    },
    { "type": "wokwi-potentiometer", "id": "pot1", "top": 75.5, "left": 383.8, "attrs": {} },
    {
      "type": "wokwi-pushbutton",
      "id": "btn1",
      "top": 95.9,
      "left": 291.5,
      "rotate": 90,
      "attrs": { "color": "green" }
    }
  ],
  "connections": [
    [ "mega:5V", "bb1:bp.1", "red", [ "v16.5", "h-189.7", "v-268.8" ] ],
    [ "mega:GND.1", "bb1:bn.1", "black", [ "v0" ] ],
    [ "bb1:bp.50", "bb1:tp.50", "red", [ "v-0.9", "h56.8", "v-172.8" ] ],
    [ "bb1:tn.50", "bb1:bn.50", "black", [ "v-0.1", "h66.4", "v172.8" ] ],
    [ "bb1:bn.2", "bb1:4t.e", "black", [ "v0" ] ],
    [ "bb1:bn.5", "bb1:7t.e", "black", [ "v0" ] ],
    [ "bb1:bn.7", "bb1:10t.e", "black", [ "v0" ] ],
    [ "bb1:bn.10", "bb1:13t.e", "black", [ "v0" ] ],
    [ "led4:A", "bb1:5t.d", "", [ "$bb" ] ],
    [ "led4:C", "bb1:4t.d", "", [ "$bb" ] ],
    [ "r1:1", "bb1:5t.e", "", [ "$bb" ] ],
    [ "r1:2", "bb1:5b.i", "", [ "$bb" ] ],
    [ "led3:A", "bb1:8t.d", "", [ "$bb" ] ],
    [ "led3:C", "bb1:7t.d", "", [ "$bb" ] ],
    [ "r3:1", "bb1:8t.e", "", [ "$bb" ] ],
    [ "r3:2", "bb1:8b.i", "", [ "$bb" ] ],
    [ "led2:A", "bb1:11t.d", "", [ "$bb" ] ],
    [ "led2:C", "bb1:10t.d", "", [ "$bb" ] ],
    [ "r2:1", "bb1:11t.e", "", [ "$bb" ] ],
    [ "r2:2", "bb1:11b.i", "", [ "$bb" ] ],
    [ "led1:A", "bb1:14t.d", "", [ "$bb" ] ],
    [ "led1:C", "bb1:13t.d", "", [ "$bb" ] ],
    [ "r4:1", "bb1:14t.e", "", [ "$bb" ] ],
    [ "r4:2", "bb1:14b.i", "", [ "$bb" ] ],
    [ "pot1:GND", "bb1:40b.f", "", [ "$bb" ] ],
    [ "pot1:SIG", "bb1:41b.f", "", [ "$bb" ] ],
    [ "pot1:VCC", "bb1:42b.f", "", [ "$bb" ] ],
    [ "pot1:GND", "bb1:bn.32", "black", [ "v0" ] ],
    [ "pot1:VCC", "bb1:bp.34", "red", [ "v0" ] ],
    [ "btn1:1.l", "bb1:32t.b", "", [ "$bb" ] ],
    [ "btn1:2.l", "bb1:30t.b", "", [ "$bb" ] ],
    [ "btn1:1.r", "bb1:32b.g", "", [ "$bb" ] ],
    [ "btn1:2.r", "bb1:30b.g", "", [ "$bb" ] ],
    [ "mega:11", "bb1:5b.j", "green", [ "v0" ] ],
    [ "mega:10", "bb1:8b.j", "green", [ "v-48", "h9.3" ] ],
    [ "mega:9", "bb1:11b.j", "green", [ "v-38.4", "h47.3" ] ],
    [ "mega:8", "bb1:14b.j", "green", [ "v-28.8", "h57" ] ],
    [ "mega:2", "bb1:32b.j", "green", [ "v-19.2", "h178.4" ] ],
    [ "bb1:30b.j", "bb1:bn.24", "black", [ "v0" ] ],
    [ "mega:A1", "pot1:SIG", "green", [ "v16.5", "h284.8" ] ]
  ],
  "dependencies": {}
}